passenger_id,arrival_us,origin_floor,destination_floor,segment_id
1,0,1,2,up_peak_fixed
2,1000000,1,3,up_peak_fixed
3,2000000,1,4,up_peak_fixed
4,3000000,1,5,up_peak_fixed
5,4000000,1,6,up_peak_fixed
6,5000000,1,7,up_peak_fixed
7,6000000,1,8,up_peak_fixed
8,7000000,1,9,up_peak_fixed
9,8000000,1,10,up_peak_fixed
10,9000000,1,11,up_peak_fixed
11,10000000,1,12,up_peak_fixed
12,11000000,1,13,up_peak_fixed
13,12000000,1,14,up_peak_fixed
14,13000000,1,15,up_peak_fixed
15,14000000,1,16,up_peak_fixed
16,15000000,1,17,up_peak_fixed
17,16000000,1,18,up_peak_fixed
18,17000000,1,19,up_peak_fixed
19,18000000,1,20,up_peak_fixed
20,19000000,1,21,up_peak_fixed
21,20000000,1,22,up_peak_fixed
22,21000000,1,23,up_peak_fixed
23,22000000,1,24,up_peak_fixed
24,23000000,1,25,up_peak_fixed
25,24000000,1,26,up_peak_fixed
26,25000000,1,27,up_peak_fixed
27,26000000,1,28,up_peak_fixed
28,27000000,1,29,up_peak_fixed
29,28000000,1,30,up_peak_fixed
30,29000000,1,2,up_peak_fixed
31,30000000,1,3,up_peak_fixed
32,31000000,1,4,up_peak_fixed
33,32000000,1,5,up_peak_fixed
34,33000000,1,6,up_peak_fixed
35,34000000,1,7,up_peak_fixed
36,35000000,1,8,up_peak_fixed
37,36000000,1,9,up_peak_fixed
38,37000000,1,10,up_peak_fixed
39,38000000,1,11,up_peak_fixed
40,39000000,1,12,up_peak_fixed
41,40000000,1,13,up_peak_fixed
42,41000000,1,14,up_peak_fixed
43,42000000,1,15,up_peak_fixed
44,43000000,1,16,up_peak_fixed
45,44000000,1,17,up_peak_fixed
46,45000000,1,18,up_peak_fixed
47,46000000,1,19,up_peak_fixed
48,47000000,1,20,up_peak_fixed
49,48000000,1,21,up_peak_fixed
50,49000000,1,22,up_peak_fixed
51,50000000,1,23,up_peak_fixed
52,51000000,1,24,up_peak_fixed
53,52000000,1,25,up_peak_fixed
54,53000000,1,26,up_peak_fixed
55,54000000,1,27,up_peak_fixed
56,55000000,1,28,up_peak_fixed
57,56000000,1,29,up_peak_fixed
58,57000000,1,30,up_peak_fixed
59,58000000,1,2,up_peak_fixed
60,59000000,1,3,up_peak_fixed
61,60000000,1,4,up_peak_fixed
62,61000000,1,5,up_peak_fixed
63,62000000,1,6,up_peak_fixed
64,63000000,1,7,up_peak_fixed
65,64000000,1,8,up_peak_fixed
66,65000000,1,9,up_peak_fixed
67,66000000,1,10,up_peak_fixed
68,67000000,1,11,up_peak_fixed
69,68000000,1,12,up_peak_fixed
70,69000000,1,13,up_peak_fixed
71,70000000,1,14,up_peak_fixed
72,71000000,1,15,up_peak_fixed
73,72000000,1,16,up_peak_fixed
74,73000000,1,17,up_peak_fixed
75,74000000,1,18,up_peak_fixed
76,75000000,1,19,up_peak_fixed
77,76000000,1,20,up_peak_fixed
78,77000000,1,21,up_peak_fixed
79,78000000,1,22,up_peak_fixed
80,79000000,1,23,up_peak_fixed
81,80000000,1,24,up_peak_fixed
82,81000000,1,25,up_peak_fixed
83,82000000,1,26,up_peak_fixed
84,83000000,1,27,up_peak_fixed
85,84000000,1,28,up_peak_fixed
86,85000000,1,29,up_peak_fixed
87,86000000,1,30,up_peak_fixed
88,87000000,1,2,up_peak_fixed
89,88000000,1,3,up_peak_fixed
90,89000000,1,4,up_peak_fixed
91,90000000,1,5,up_peak_fixed
92,91000000,1,6,up_peak_fixed
93,92000000,1,7,up_peak_fixed
94,93000000,1,8,up_peak_fixed
95,94000000,1,9,up_peak_fixed
96,95000000,1,10,up_peak_fixed
97,96000000,1,11,up_peak_fixed
98,97000000,1,12,up_peak_fixed
99,98000000,1,13,up_peak_fixed
100,99000000,1,14,up_peak_fixed
101,100000000,1,15,up_peak_fixed
102,101000000,1,16,up_peak_fixed
103,102000000,1,17,up_peak_fixed
104,103000000,1,18,up_peak_fixed
105,104000000,1,19,up_peak_fixed
106,105000000,1,20,up_peak_fixed
107,106000000,1,21,up_peak_fixed
108,107000000,1,22,up_peak_fixed
109,108000000,1,23,up_peak_fixed
110,109000000,1,24,up_peak_fixed
111,110000000,1,25,up_peak_fixed
112,111000000,1,26,up_peak_fixed
113,112000000,1,27,up_peak_fixed
114,113000000,1,28,up_peak_fixed
115,114000000,1,29,up_peak_fixed
116,115000000,1,30,up_peak_fixed
117,116000000,1,2,up_peak_fixed
118,117000000,1,3,up_peak_fixed
119,118000000,1,4,up_peak_fixed
120,119000000,1,5,up_peak_fixed
121,120000000,1,6,up_peak_fixed
122,121000000,1,7,up_peak_fixed
123,122000000,1,8,up_peak_fixed
124,123000000,1,9,up_peak_fixed
125,124000000,1,10,up_peak_fixed
126,125000000,1,11,up_peak_fixed
127,126000000,1,12,up_peak_fixed
128,127000000,1,13,up_peak_fixed
129,128000000,1,14,up_peak_fixed
130,129000000,1,15,up_peak_fixed
131,130000000,1,16,up_peak_fixed
132,131000000,1,17,up_peak_fixed
133,132000000,1,18,up_peak_fixed
134,133000000,1,19,up_peak_fixed
135,134000000,1,20,up_peak_fixed
136,135000000,1,21,up_peak_fixed
137,136000000,1,22,up_peak_fixed
138,137000000,1,23,up_peak_fixed
139,138000000,1,24,up_peak_fixed
140,139000000,1,25,up_peak_fixed
141,140000000,1,26,up_peak_fixed
142,141000000,1,27,up_peak_fixed
143,142000000,1,28,up_peak_fixed
144,143000000,1,29,up_peak_fixed
145,144000000,1,30,up_peak_fixed
146,145000000,1,2,up_peak_fixed
147,146000000,1,3,up_peak_fixed
148,147000000,1,4,up_peak_fixed
149,148000000,1,5,up_peak_fixed
150,149000000,1,6,up_peak_fixed
151,150000000,1,7,up_peak_fixed
152,151000000,1,8,up_peak_fixed
153,152000000,1,9,up_peak_fixed
154,153000000,1,10,up_peak_fixed
155,154000000,1,11,up_peak_fixed
156,155000000,1,12,up_peak_fixed
157,156000000,1,13,up_peak_fixed
158,157000000,1,14,up_peak_fixed
159,158000000,1,15,up_peak_fixed
160,159000000,1,16,up_peak_fixed
161,160000000,1,17,up_peak_fixed
162,161000000,1,18,up_peak_fixed
163,162000000,1,19,up_peak_fixed
164,163000000,1,20,up_peak_fixed
165,164000000,1,21,up_peak_fixed
166,165000000,1,22,up_peak_fixed
167,166000000,1,23,up_peak_fixed
168,167000000,1,24,up_peak_fixed
169,168000000,1,25,up_peak_fixed
170,169000000,1,26,up_peak_fixed
171,170000000,1,27,up_peak_fixed
172,171000000,1,28,up_peak_fixed
173,172000000,1,29,up_peak_fixed
174,173000000,1,30,up_peak_fixed
175,174000000,1,2,up_peak_fixed
176,175000000,1,3,up_peak_fixed
177,176000000,1,4,up_peak_fixed
178,177000000,1,5,up_peak_fixed
179,178000000,1,6,up_peak_fixed
180,179000000,1,7,up_peak_fixed
181,180000000,1,8,up_peak_fixed
182,181000000,1,9,up_peak_fixed
183,182000000,1,10,up_peak_fixed
184,183000000,1,11,up_peak_fixed
185,184000000,1,12,up_peak_fixed
186,185000000,1,13,up_peak_fixed
187,186000000,1,14,up_peak_fixed
188,187000000,1,15,up_peak_fixed
189,188000000,1,16,up_peak_fixed
190,189000000,1,17,up_peak_fixed
191,190000000,1,18,up_peak_fixed
192,191000000,1,19,up_peak_fixed
193,192000000,1,20,up_peak_fixed
194,193000000,1,21,up_peak_fixed
195,194000000,1,22,up_peak_fixed
196,195000000,1,23,up_peak_fixed
197,196000000,1,24,up_peak_fixed
198,197000000,1,25,up_peak_fixed
199,198000000,1,26,up_peak_fixed
200,199000000,1,27,up_peak_fixed
201,200000000,1,28,up_peak_fixed
202,201000000,1,29,up_peak_fixed
203,202000000,1,30,up_peak_fixed
204,203000000,1,2,up_peak_fixed
205,204000000,1,3,up_peak_fixed
206,205000000,1,4,up_peak_fixed
207,206000000,1,5,up_peak_fixed
208,207000000,1,6,up_peak_fixed
209,208000000,1,7,up_peak_fixed
210,209000000,1,8,up_peak_fixed
211,210000000,1,9,up_peak_fixed
212,211000000,1,10,up_peak_fixed
213,212000000,1,11,up_peak_fixed
214,213000000,1,12,up_peak_fixed
215,214000000,1,13,up_peak_fixed
216,215000000,1,14,up_peak_fixed
217,216000000,1,15,up_peak_fixed
218,217000000,1,16,up_peak_fixed
219,218000000,1,17,up_peak_fixed
220,219000000,1,18,up_peak_fixed
221,220000000,1,19,up_peak_fixed
222,221000000,1,20,up_peak_fixed
223,222000000,1,21,up_peak_fixed
224,223000000,1,22,up_peak_fixed
225,224000000,1,23,up_peak_fixed
226,225000000,1,24,up_peak_fixed
227,226000000,1,25,up_peak_fixed
228,227000000,1,26,up_peak_fixed
229,228000000,1,27,up_peak_fixed
230,229000000,1,28,up_peak_fixed
231,230000000,1,29,up_peak_fixed
232,231000000,1,30,up_peak_fixed
233,232000000,1,2,up_peak_fixed
234,233000000,1,3,up_peak_fixed
235,234000000,1,4,up_peak_fixed
236,235000000,1,5,up_peak_fixed
237,236000000,1,6,up_peak_fixed
238,237000000,1,7,up_peak_fixed
239,238000000,1,8,up_peak_fixed
240,239000000,1,9,up_peak_fixed
241,240000000,1,10,up_peak_fixed
242,241000000,1,11,up_peak_fixed
243,242000000,1,12,up_peak_fixed
244,243000000,1,13,up_peak_fixed
245,244000000,1,14,up_peak_fixed
246,245000000,1,15,up_peak_fixed
247,246000000,1,16,up_peak_fixed
248,247000000,1,17,up_peak_fixed
249,248000000,1,18,up_peak_fixed
250,249000000,1,19,up_peak_fixed
251,250000000,1,20,up_peak_fixed
252,251000000,1,21,up_peak_fixed
253,252000000,1,22,up_peak_fixed
254,253000000,1,23,up_peak_fixed
255,254000000,1,24,up_peak_fixed
256,255000000,1,25,up_peak_fixed
257,256000000,1,26,up_peak_fixed
258,257000000,1,27,up_peak_fixed
259,258000000,1,28,up_peak_fixed
260,259000000,1,29,up_peak_fixed
261,260000000,1,30,up_peak_fixed
262,261000000,1,2,up_peak_fixed
263,262000000,1,3,up_peak_fixed
264,263000000,1,4,up_peak_fixed
265,264000000,1,5,up_peak_fixed
266,265000000,1,6,up_peak_fixed
267,266000000,1,7,up_peak_fixed
268,267000000,1,8,up_peak_fixed
269,268000000,1,9,up_peak_fixed
270,269000000,1,10,up_peak_fixed
271,270000000,1,11,up_peak_fixed
272,271000000,1,12,up_peak_fixed
273,272000000,1,13,up_peak_fixed
274,273000000,1,14,up_peak_fixed
275,274000000,1,15,up_peak_fixed
276,275000000,1,16,up_peak_fixed
277,276000000,1,17,up_peak_fixed
278,277000000,1,18,up_peak_fixed
279,278000000,1,19,up_peak_fixed
280,279000000,1,20,up_peak_fixed
281,280000000,1,21,up_peak_fixed
282,281000000,1,22,up_peak_fixed
283,282000000,1,23,up_peak_fixed
284,283000000,1,24,up_peak_fixed
285,284000000,1,25,up_peak_fixed
286,285000000,1,26,up_peak_fixed
287,286000000,1,27,up_peak_fixed
288,287000000,1,28,up_peak_fixed
289,288000000,1,29,up_peak_fixed
290,289000000,1,30,up_peak_fixed
291,290000000,1,2,up_peak_fixed
292,291000000,1,3,up_peak_fixed
293,292000000,1,4,up_peak_fixed
294,293000000,1,5,up_peak_fixed
295,294000000,1,6,up_peak_fixed
296,295000000,1,7,up_peak_fixed
297,296000000,1,8,up_peak_fixed
298,297000000,1,9,up_peak_fixed
299,298000000,1,10,up_peak_fixed
300,299000000,1,11,up_peak_fixed
