id,status
ALLOC-001,PASS
ALLOC-002,PASS
ALLOC-003,PASS
ALLOC-004,PASS
ALLOC-005,PASS
ALLOC-006,PASS
ALLOC-007,PASS
ALLOC-008,PASS
ALLOC-009,PASS
ALLOC-010,PASS
ANIM-001,PARTIAL
ANIM-002,PARTIAL
ANIM-003,PARTIAL
ANIM-004,PARTIAL
ANIM-005,PARTIAL
ANIM-006,PARTIAL
API-001,PASS
API-002,PASS
API-003,PASS
API-004,PASS
API-005,PASS
API-006,PASS
API-007,PASS
API-008,PASS
API-009,PASS
API-010,PASS
API-011,PASS
API-012,PASS
API-013,PASS
API-014,PASS
API-015,PASS
API-100,PARTIAL
API-101,PARTIAL
API-102,PARTIAL
BIN-001,PARTIAL
BIN-002,PARTIAL
BIN-003,PARTIAL
BIN-004,PARTIAL
BIN-005,PARTIAL
BIN-006,PARTIAL
BIN-007,PARTIAL
BTN-001,PARTIAL
BTN-002,PARTIAL
BTN-003,PARTIAL
BTN-004,PARTIAL
BTN-005,PARTIAL
BTN-006,PARTIAL
BTN-007,PARTIAL
BTN-008,PARTIAL
BTREE-001,PASS
BTREE-002,PASS
BTREE-003,PASS
BTREE-004,PASS
BTREE-005,PASS
BTREE-006,PASS
BTREE-007,PASS
BTREE-008,PASS
BTREE-009,PASS
BTREE-010,PASS
BTREE-011,PASS
BTREE-012,PASS
BTREE-013,PASS
BTREE-014,PASS
BTREE-015,PASS
BTREE-016,PASS
BTREE-017,PASS
BTREE-018,PASS
BTREE-019,PASS
BTREE-020,PASS
BUILD-001,UNEVIDENCED
BUILD-002,UNEVIDENCED
BUILD-003,UNEVIDENCED
BUILD-004,UNEVIDENCED
BUILD-005,UNEVIDENCED
BUILD-006,UNEVIDENCED
CHECK-001,PASS
CHECK-002,PASS
CHECK-003,PASS
CHECK-004,PASS
CHECK-005,PASS
CHECK-006,PASS
CHECK-007,PASS
CHECK-008,PASS
CHECK-009,PASS
CHECK-010,PASS
CHECK-011,PASS
CHECK-012,PASS
CHECK-013,PASS
CHECK-014,PASS
CHECK-015,PASS
CHECK-016,PARTIAL
CHECK-017,PARTIAL
CHECK-018,PARTIAL
CHECK-019,PARTIAL
CHECK-020,PARTIAL
CHECK-021,PARTIAL
CHECK-022,PARTIAL
CHECK-023,PARTIAL
CHECK-024,PARTIAL
CHECK-025,PARTIAL
CHECK-026,PARTIAL
CHECK-027,PARTIAL
CHECK-028,PARTIAL
CHECK-100,PARTIAL
CHECK-101,PARTIAL
CHECK-102,PARTIAL
CHECK-103,PARTIAL
CHECK-104,PARTIAL
CHECK-105,PARTIAL
CIDX-001,PASS
CIDX-002,PASS
CIDX-003,PASS
CIDX-004,PASS
CIDX-005,PASS
CIDX-006,PASS
CIDX-007,PASS
CIDX-008,PASS
CIDX-009,PASS
CIDX-010,PASS
CIDX-011,PASS
CIDX-012,PASS
CIDX-013,PASS
CIDX-014,PASS
CIDX-015,PASS
CIDX-016,PASS
CIDX-017,PASS
CIDX-018,PASS
CIDX-019,PASS
CIDX-020,PASS
CIDX-021,PASS
CIDX-022,PASS
CIDX-023,PASS
CIDX-024,PASS
CIDX-025,PASS
CIDX-026,PASS
CIDX-027,PASS
CIDX-028,PASS
CIDX-029,PASS
CIDX-030,PASS
CIDXT-001,PARTIAL
CIDXT-002,PARTIAL
CIDXT-003,PARTIAL
CIDXT-004,PARTIAL
CIDXT-005,PARTIAL
CIDXT-006,PARTIAL
CIDXT-007,PARTIAL
CIDXT-008,PARTIAL
CIDXT-009,PARTIAL
CIDXT-010,PARTIAL
CIDXT-011,PARTIAL
CIDXT-012,PARTIAL
CIDXT-013,PARTIAL
CIDXT-014,PARTIAL
CIDXT-015,PARTIAL
CIDXT-016,PARTIAL
CIDXT-017,PARTIAL
CIDXT-018,PARTIAL
CIDXT-019,PARTIAL
CIDXT-020,PARTIAL
CIDXT-021,PARTIAL
CIDXT-022,PARTIAL
CIDXT-023,PARTIAL
CIDXT-024,PARTIAL
CIDXT-025,PARTIAL
CIDXT-026,PARTIAL
CIDXT-027,PARTIAL
CIDXT-028,PARTIAL
CIDXT-029,PARTIAL
CIDXT-030,PARTIAL
CIDXT-031,PARTIAL
CIDXT-032,PARTIAL
CIDXT-033,PARTIAL
CIDXT-034,PARTIAL
CIDXT-035,PARTIAL
CLI-001,PASS
CLI-002,PASS
CLI-003,PASS
CLI-004,PASS
CLI-005,PASS
CLI-006,PASS
CLI-007,PASS
CLI-008,PASS
CLI-009,PASS
CLI-010,PASS
CLI-011,PASS
CLI-012,PASS
CLI-013,PASS
CLI-014,PASS
CLI-015,PASS
CLI-016,PASS
CLI-017,PASS
CLI-018,PASS
CLI-019,PASS
CLI-020,PASS
CLI-021,PASS
CLI-022,PASS
CLI-023,PASS
CRASH-001,UNEVIDENCED
CRASH-002,UNEVIDENCED
CRASH-003,UNEVIDENCED
CRASH-004,UNEVIDENCED
CRASH-005,UNEVIDENCED
CRASH-006,UNEVIDENCED
CRASH-007,UNEVIDENCED
CRASH-008,UNEVIDENCED
CRASH-009,UNEVIDENCED
CRASH-010,UNEVIDENCED
CRYPTO-001,PASS
CRYPTO-002,PASS
CRYPTO-003,PASS
CRYPTO-004,PASS
CRYPTO-005,PASS
CRYPTO-006,PASS
CRYPTO-007,PASS
CRYPTO-008,PASS
CRYPTO-009,PASS
CRYPTO-010,PASS
CRYPTO-011,PASS
CRYPTO-012,PASS
CRYPTO-013,PASS
CRYPTO-014,PASS
CRYPTO-015,PASS
CRYPTO-016,PASS
CRYPTO-017,PASS
CRYPTO-018,PASS
CRYPTO-019,PASS
CRYPTO-020,PASS
CSV-001,UNEVIDENCED
CSV-002,UNEVIDENCED
CSV-003,UNEVIDENCED
CSV-004,UNEVIDENCED
CSV-005,UNEVIDENCED
CSV-006,UNEVIDENCED
CSV-007,UNEVIDENCED
CSV-008,UNEVIDENCED
CSV-009,UNEVIDENCED
CSV-010,UNEVIDENCED
CSV-011,UNEVIDENCED
CT-001,PASS
CT-002,PASS
CT-003,PASS
CT-004,PASS
CT-005,PASS
CT-006,PASS
CT-007,PASS
CT-008,PASS
CT-009,PASS
CT-010,PASS
CT-011,PASS
CT-012,PASS
CT-013,PASS
CT-014,PASS
CT-015,PASS
CT-016,PASS
CT-017,PASS
CT-018,PASS
CT-019,PASS
CT-020,PASS
CT-021,PARTIAL
CT-022,PARTIAL
CT-023,PARTIAL
CT-024,PARTIAL
CT-025,PARTIAL
CT-026,PARTIAL
CT-027,PARTIAL
CT-028,PARTIAL
CT-029,PARTIAL
CT-030,PARTIAL
CT-031,PARTIAL
CT-032,PARTIAL
CT-033,PARTIAL
CT-034,PARTIAL
CT-035,PARTIAL
DATA-001,PARTIAL
DATA-002,PARTIAL
DATA-003,PARTIAL
DATA-004,PARTIAL
DATA-005,PARTIAL
DATA-006,PARTIAL
DATA-007,PARTIAL
DATA-008,PARTIAL
DATA-009,PARTIAL
DATA-010,PARTIAL
DATA-011,PARTIAL
DATA-012,PARTIAL
DEL-001,UNEVIDENCED
DEL-002,UNEVIDENCED
DEL-003,UNEVIDENCED
DEL-004,UNEVIDENCED
DEL-005,UNEVIDENCED
DEL-006,UNEVIDENCED
DEL-007,UNEVIDENCED
DEL-008,UNEVIDENCED
DEL-009,UNEVIDENCED
DEL-010,UNEVIDENCED
DET-001,UNEVIDENCED
DET-002,UNEVIDENCED
DET-003,UNEVIDENCED
DET-004,UNEVIDENCED
DET-005,UNEVIDENCED
DET-006,UNEVIDENCED
DET-007,UNEVIDENCED
DOC-001,UNEVIDENCED
DOC-002,UNEVIDENCED
DOC-003,UNEVIDENCED
DOC-004,UNEVIDENCED
DOC-005,UNEVIDENCED
DOC-006,UNEVIDENCED
DOC-007,UNEVIDENCED
DOC-008,UNEVIDENCED
DOC-009,UNEVIDENCED
DOC-010,UNEVIDENCED
DOC-011,UNEVIDENCED
DOD-001,PARTIAL
DOD-002,PARTIAL
DOD-003,PARTIAL
DOD-004,PARTIAL
DOD-005,PARTIAL
DOD-006,PARTIAL
DOD-007,PARTIAL
DOD-008,PARTIAL
DOD-009,PARTIAL
DOD-010,PARTIAL
DOD-011,PARTIAL
DOD-012,PARTIAL
DOD-013,PARTIAL
DOD-014,PARTIAL
DOD-015,PARTIAL
DOD-016,PARTIAL
DOD-017,PARTIAL
DOD-018,PARTIAL
DOD-019,PARTIAL
DOD-020,PARTIAL
DOD-021,PARTIAL
DOD-022,PARTIAL
DOD-023,PARTIAL
DOD-024,PARTIAL
DOD-025,PARTIAL
DOD-026,PARTIAL
DOD-027,PARTIAL
DOD-028,PARTIAL
DOD-029,PARTIAL
DOD-030,PARTIAL
DOD-031,PARTIAL
DOD-032,PARTIAL
DOD-033,PARTIAL
DOD-034,PARTIAL
DOD-035,PARTIAL
DOD-036,PARTIAL
DOD-037,PARTIAL
EDGE-001,PARTIAL
EDGE-002,PARTIAL
EDGE-003,PARTIAL
EDGE-004,PARTIAL
EDGE-005,PARTIAL
EDGE-006,PARTIAL
EDGE-007,PARTIAL
EDGE-008,PARTIAL
EDGE-009,PARTIAL
EDGE-010,PARTIAL
EDGE-011,PARTIAL
EDGE-012,PARTIAL
EDGE-013,PARTIAL
EDGE-014,PARTIAL
EDGE-015,PARTIAL
EDGE-016,PARTIAL
EDGE-017,PARTIAL
EDGE-018,PARTIAL
EDGE-019,PARTIAL
EDGE-020,PARTIAL
EDGE-021,PARTIAL
EDGE-022,PARTIAL
EDGE-023,PARTIAL
EDGE-024,PARTIAL
EDGE-025,PARTIAL
EDGE-026,PARTIAL
EDGE-027,PARTIAL
EDGE-028,PARTIAL
EDGE-029,PARTIAL
EDGE-030,PARTIAL
EDGE-031,PARTIAL
EDGE-032,PARTIAL
EDGE-033,PARTIAL
EDGE-034,PARTIAL
EDGE-035,PARTIAL
EDGE-036,PARTIAL
EDGE-037,PARTIAL
EDGE-038,PARTIAL
EDGE-039,PARTIAL
EDGE-040,PARTIAL
EDGE-041,PARTIAL
EDGE-042,PARTIAL
EDGE-043,PARTIAL
EDGE-044,PARTIAL
EDGE-045,PARTIAL
EDGE-046,PARTIAL
EDGE-047,PARTIAL
EDGE-048,PARTIAL
EDGE-049,PARTIAL
EDGE-050,PARTIAL
EDGE-051,PARTIAL
EDGE-052,PARTIAL
EDGE-053,PARTIAL
EDGE-054,PARTIAL
EDGE-055,PARTIAL
EDGE-056,PARTIAL
EDGE-057,PARTIAL
EDGE-058,PARTIAL
EDGE-059,PARTIAL
EDGE-060,PARTIAL
EDGE-061,PARTIAL
EDGE-062,PARTIAL
EDGE-063,PARTIAL
EDGE-064,PARTIAL
EDGE-065,PARTIAL
EDGE-066,PARTIAL
EDGE-067,PARTIAL
EDGE-068,PARTIAL
ENG-001,PARTIAL
ENG-002,PARTIAL
ENG-003,PARTIAL
ENG-004,PARTIAL
ENG-005,PARTIAL
ENG-006,PARTIAL
ENG-007,PARTIAL
ENG-008,PARTIAL
ENG-009,PARTIAL
ENG-010,PARTIAL
ENG-011,PARTIAL
ENG-012,PARTIAL
ERR-001,PASS
ERR-002,PASS
ERR-003,PASS
ERR-004,PASS
ERR-005,PASS
ERR-006,PASS
ERR-007,PASS
ERR-008,PASS
ERR-009,PASS
ERR-010,PASS
ERR-011,PASS
ERR-012,PASS
ERR-013,PASS
ERR-014,PASS
ERR-015,PASS
ERR-016,PARTIAL
ERR-017,PARTIAL
ERR-018,PARTIAL
ERR-019,PARTIAL
ERR-020,PARTIAL
ERR-021,PARTIAL
ERR-100,PARTIAL
ERR-101,PARTIAL
ERR-102,PARTIAL
EVID-001,PARTIAL
EVID-002,PARTIAL
EVID-003,PARTIAL
EVID-004,PARTIAL
EVID-005,PARTIAL
EVID-006,PARTIAL
EVID-007,PARTIAL
EVID-008,PARTIAL
EVID-009,PARTIAL
EVID-010,PARTIAL
EVID-011,PARTIAL
EVID-012,PARTIAL
EVID-013,PARTIAL
EXPR-001,PASS
EXPR-002,PASS
EXPR-003,PASS
EXPR-004,PASS
EXPR-005,PASS
EXPR-006,PASS
EXPR-007,PASS
EXPR-008,PASS
EXPR-009,PASS
EXPR-010,PASS
EXPR-011,PASS
EXPR-012,PASS
EXPR-013,PASS
EXPR-014,PASS
FAIL-001,UNEVIDENCED
FAIL-002,UNEVIDENCED
FAIL-003,UNEVIDENCED
FAIL-004,UNEVIDENCED
FAIL-005,UNEVIDENCED
FAIL-006,UNEVIDENCED
FAIL-007,UNEVIDENCED
FIX-001,UNEVIDENCED
FIX-002,UNEVIDENCED
FIX-003,UNEVIDENCED
FIX-004,UNEVIDENCED
FIX-005,UNEVIDENCED
FIX-006,UNEVIDENCED
FIX-007,UNEVIDENCED
FIX-008,UNEVIDENCED
FIX-009,UNEVIDENCED
FIX-010,UNEVIDENCED
FMT-001,PARTIAL
FMT-002,PARTIAL
FMT-003,PARTIAL
FMT-004,PARTIAL
FMT-005,PARTIAL
FMT-006,PARTIAL
FMT-007,PARTIAL
FMT-008,PARTIAL
FMT-009,PARTIAL
FMT-010,PARTIAL
FMT-011,PARTIAL
FMT-012,PARTIAL
FMTDOC-001,PARTIAL
FMTDOC-002,PARTIAL
FMTDOC-003,PARTIAL
FMTDOC-004,PARTIAL
FMTDOC-005,PARTIAL
FMTDOC-006,PARTIAL
FMTDOC-007,PARTIAL
FMTDOC-008,PARTIAL
FMTDOC-009,PARTIAL
FMTDOC-010,PARTIAL
FMTDOC-011,PARTIAL
FMTDOC-012,PARTIAL
FMTDOC-013,PARTIAL
FMTDOC-014,PARTIAL
FMTDOC-015,PARTIAL
FMTDOC-016,PARTIAL
FMTDOC-017,PARTIAL
FMTDOC-018,PARTIAL
FMTDOC-019,PARTIAL
FMTDOC-020,PARTIAL
FMTDOC-021,PARTIAL
FMTDOC-022,PARTIAL
FROST-001,PARTIAL
FROST-002,PARTIAL
FROST-003,PARTIAL
FROST-004,PARTIAL
FROST-005,PARTIAL
FROST-006,PARTIAL
GUIT-001,PARTIAL
GUIT-002,PARTIAL
GUIT-003,PARTIAL
GUIT-004,PARTIAL
GUIT-005,PARTIAL
GUIT-006,PARTIAL
GUIT-007,PARTIAL
GUIT-008,PARTIAL
GUIT-009,PARTIAL
GUIT-010,PARTIAL
GUIT-011,PARTIAL
GUIT-012,PARTIAL
GUIT-013,PARTIAL
GUIT-014,PARTIAL
GUIT-015,PARTIAL
GUIT-016,PARTIAL
GUIT-017,PARTIAL
GUIT-018,PARTIAL
GUIT-019,PARTIAL
GUIT-020,PARTIAL
IA-001,UNEVIDENCED
IA-002,UNEVIDENCED
IA-003,UNEVIDENCED
IA-004,UNEVIDENCED
IA-005,UNEVIDENCED
IA-006,UNEVIDENCED
IA-007,UNEVIDENCED
IA-008,UNEVIDENCED
IA-009,UNEVIDENCED
IA-010,UNEVIDENCED
IEEE-754,UNEVIDENCED
IT-001,PASS
IT-002,PASS
IT-003,PASS
IT-004,PASS
IT-005,PASS
IT-006,PASS
IT-007,PASS
IT-008,PASS
IT-009,PASS
IT-010,PASS
IT-011,PASS
IT-012,PASS
IT-013,PASS
IT-014,PASS
IT-015,PASS
IT-016,PASS
IT-017,PASS
IT-018,PASS
IT-019,PASS
IT-020,PASS
IT-021,PASS
IT-022,PASS
IT-023,PASS
IT-024,PASS
IT-025,PASS
IT-026,PASS
IT-027,PASS
IT-028,PASS
IT-029,PASS
IT-030,PASS
IT-031,PARTIAL
IT-032,PARTIAL
IT-033,PARTIAL
IT-034,PARTIAL
IT-035,PARTIAL
IT-036,PARTIAL
IT-037,PARTIAL
IT-038,PARTIAL
IT-039,PARTIAL
IT-040,PARTIAL
IT-041,PARTIAL
IT-042,PARTIAL
IT-043,PARTIAL
IT-044,PARTIAL
IT-045,PARTIAL
IT-046,PARTIAL
IT-047,PARTIAL
IT-048,PARTIAL
IT-049,PARTIAL
IT-050,PARTIAL
IT-051,PARTIAL
IT-052,PARTIAL
IT-053,PARTIAL
IT-054,PARTIAL
IT-055,PARTIAL
IT-056,PARTIAL
IT-057,PARTIAL
IT-058,PARTIAL
IT-059,PARTIAL
IT-060,PARTIAL
IT-061,PARTIAL
IT-062,PARTIAL
IT-063,PARTIAL
LEX-001,UNEVIDENCED
LEX-002,UNEVIDENCED
LEX-003,UNEVIDENCED
LEX-004,UNEVIDENCED
LEX-005,UNEVIDENCED
LEX-006,UNEVIDENCED
LEX-007,UNEVIDENCED
LEX-008,UNEVIDENCED
LOC-001,PARTIAL
LOC-002,PARTIAL
LOC-003,PARTIAL
LOC-004,PARTIAL
LOC-005,PARTIAL
LOC-006,PARTIAL
LOC-007,PARTIAL
LOC-008,PARTIAL
LOC-009,PARTIAL
LOC-010,PARTIAL
LOC-011,PARTIAL
LOC-012,PARTIAL
LOC-013,PARTIAL
LOC-014,PARTIAL
LOC-015,PARTIAL
LOC-016,PARTIAL
LOC-017,PARTIAL
LOC-018,PARTIAL
LOC-019,PARTIAL
LOC-020,PARTIAL
LOCK-001,UNEVIDENCED
LOCK-002,UNEVIDENCED
LOCK-003,UNEVIDENCED
LOCK-004,UNEVIDENCED
LOCK-005,UNEVIDENCED
LOCK-006,UNEVIDENCED
LOCK-007,UNEVIDENCED
LOCK-008,UNEVIDENCED
LOCK-009,UNEVIDENCED
LOCK-010,UNEVIDENCED
LOCK-011,UNEVIDENCED
LOCK-012,UNEVIDENCED
MAINT-001,UNEVIDENCED
MAINT-002,UNEVIDENCED
MAINT-003,UNEVIDENCED
MAINT-004,UNEVIDENCED
MAINT-005,UNEVIDENCED
MAINT-006,UNEVIDENCED
MAINT-007,UNEVIDENCED
MAINT-008,UNEVIDENCED
MAINT-009,UNEVIDENCED
MAKE-01,PARTIAL
MAKE-02,PARTIAL
MAKE-03,PARTIAL
MAKE-04,PARTIAL
MAKE-05,PARTIAL
MAKE-06,PARTIAL
MAKE-07,PARTIAL
MAKE-08,PARTIAL
MAKE-09,PARTIAL
MAKE-10,PARTIAL
MAKE-11,PARTIAL
MAKE-12,PARTIAL
MAKE-13,PARTIAL
MAKE-14,PARTIAL
MAKE-15,PARTIAL
MAKE-16,PARTIAL
MAN-001,PARTIAL
MAN-002,PARTIAL
MAN-003,PARTIAL
MAN-004,PARTIAL
MAN-005,PARTIAL
MAN-006,PARTIAL
MAN-007,PARTIAL
MAN-008,PARTIAL
MAN-009,PARTIAL
MAN-010,PARTIAL
MAN-011,PARTIAL
MAN-012,PARTIAL
MAN-013,PARTIAL
MAN-014,PARTIAL
MAN-015,PARTIAL
MAN-016,PARTIAL
MAN-017,PARTIAL
MAN-018,PARTIAL
MAN-019,PARTIAL
MAN-020,PARTIAL
MAN-021,PARTIAL
MAN-022,PARTIAL
MAN-023,PARTIAL
MAN-024,PARTIAL
MAN-025,PARTIAL
MAN-026,PARTIAL
MAN-027,PARTIAL
MAN-028,PARTIAL
MAN-029,PARTIAL
MAN-030,PARTIAL
MAN-031,PARTIAL
MAN-032,PARTIAL
MAN-033,PARTIAL
MAN-034,PARTIAL
MAN-035,PARTIAL
MAN-036,PARTIAL
MAN-037,PARTIAL
MAN-038,PARTIAL
MAN-039,PARTIAL
MAN-040,PARTIAL
MAN-041,PARTIAL
MAN-042,PARTIAL
MAN-043,PARTIAL
MAN-044,PARTIAL
MEM-001,UNEVIDENCED
MEM-002,UNEVIDENCED
MEM-003,UNEVIDENCED
MEM-004,UNEVIDENCED
MEM-005,UNEVIDENCED
MEM-006,UNEVIDENCED
MEM-007,UNEVIDENCED
MEM-008,UNEVIDENCED
MEM-009,UNEVIDENCED
MEM-010,UNEVIDENCED
MEM-011,UNEVIDENCED
MEM-012,UNEVIDENCED
MODAL-001,PARTIAL
MODAL-002,PARTIAL
MODAL-003,PARTIAL
MODAL-004,PARTIAL
MODAL-005,PARTIAL
MODAL-006,PARTIAL
MODAL-007,PARTIAL
MODAL-008,PARTIAL
MVCC-001,PASS
MVCC-002,PASS
MVCC-003,PASS
MVCC-004,PASS
MVCC-005,PASS
MVCC-006,PASS
MVCC-007,PASS
MVCC-008,PASS
MVCC-009,PASS
MVCC-010,PASS
MVCC-011,PASS
MVCC-012,PASS
MVCC-013,PASS
MVCC-014,PASS
MVCC-015,PASS
MVCC-016,PASS
MVCC-017,PASS
MVCC-018,PASS
MVCC-019,PASS
MVCC-020,PASS
MVCC-021,PARTIAL
MVCC-022,PARTIAL
MVCC-023,PARTIAL
MVCC-024,PARTIAL
MVCC-025,PARTIAL
MVCC-026,PARTIAL
MVCC-027,PARTIAL
MVCC-028,PARTIAL
MVCC-029,PARTIAL
MVCC-030,PARTIAL
MVCC-031,PARTIAL
MVCC-032,PARTIAL
MVCC-033,PARTIAL
MVCC-034,PARTIAL
MVCC-035,PARTIAL
MVCC-036,PARTIAL
MVCC-037,PARTIAL
MVCC-038,PARTIAL
MVCC-039,PARTIAL
MVCC-040,PARTIAL
MVCC-041,PARTIAL
MVCC-042,PARTIAL
MVCC-043,PARTIAL
MVCC-044,PARTIAL
MVCC-045,PARTIAL
MVCC-046,PARTIAL
MVCC-047,PARTIAL
MVCC-048,PARTIAL
MVCC-049,PARTIAL
MVCC-050,PARTIAL
MVCCT-001,PARTIAL
MVCCT-002,PARTIAL
MVCCT-003,PARTIAL
MVCCT-004,PARTIAL
MVCCT-005,PARTIAL
MVCCT-006,PARTIAL
MVCCT-007,PARTIAL
MVCCT-008,PARTIAL
MVCCT-009,PARTIAL
MVCCT-010,PARTIAL
MVCCT-011,PARTIAL
MVCCT-012,PARTIAL
MVCCT-013,PARTIAL
MVCCT-014,PARTIAL
MVCCT-015,PARTIAL
MVCCT-016,PARTIAL
MVCCT-017,PARTIAL
MVCCT-018,PARTIAL
MVCCT-019,PARTIAL
MVCCT-020,PARTIAL
MVCCT-021,PARTIAL
MVCCT-022,PARTIAL
MVCCT-023,PARTIAL
MVCCT-024,PARTIAL
MVCCT-025,PARTIAL
MVCCT-026,PARTIAL
MVCCT-027,PARTIAL
MVCCT-028,PARTIAL
MVCCT-029,PARTIAL
MVCCT-030,PARTIAL
MVCCT-031,PARTIAL
MVCCT-032,PARTIAL
MVCCT-033,PARTIAL
MVCCT-034,PARTIAL
MVCCT-035,PARTIAL
NAV-001,UNEVIDENCED
NAV-002,UNEVIDENCED
NAV-003,UNEVIDENCED
NAV-004,UNEVIDENCED
NAV-005,UNEVIDENCED
NAV-006,UNEVIDENCED
NO-001,PARTIAL
NO-002,PARTIAL
NO-003,PARTIAL
NO-004,PARTIAL
NO-005,PARTIAL
NO-006,PARTIAL
NO-007,PARTIAL
NO-008,PARTIAL
NO-009,PARTIAL
NO-010,PARTIAL
NO-011,PARTIAL
NO-012,PARTIAL
NO-013,PARTIAL
NO-014,PARTIAL
NO-015,PARTIAL
NO-016,PARTIAL
NO-017,PARTIAL
NO-018,PARTIAL
NO-019,PARTIAL
NO-020,PARTIAL
NO-021,PARTIAL
NO-022,PARTIAL
NO-023,PARTIAL
NO-024,PARTIAL
NO-025,PARTIAL
NO-026,PARTIAL
NO-027,PARTIAL
OPEN-001,UNEVIDENCED
OPEN-002,UNEVIDENCED
OPEN-003,UNEVIDENCED
OPEN-004,UNEVIDENCED
OPEN-005,UNEVIDENCED
OPEN-006,UNEVIDENCED
OPEN-007,UNEVIDENCED
OPEN-008,UNEVIDENCED
PAGER-001,PARTIAL
PAGER-002,PARTIAL
PAGER-003,PARTIAL
PAGER-004,PARTIAL
PAGER-005,PARTIAL
PAGER-006,PARTIAL
PAGER-007,PARTIAL
PAGER-008,PARTIAL
PAGER-009,PARTIAL
PAGER-010,PARTIAL
PAGER-011,PARTIAL
PAGER-012,PARTIAL
PARSE-001,UNEVIDENCED
PARSE-002,UNEVIDENCED
PARSE-003,UNEVIDENCED
PARSE-004,UNEVIDENCED
PARSE-005,UNEVIDENCED
PARSE-006,UNEVIDENCED
PARSE-007,UNEVIDENCED
PERF-001,PASS
PERF-002,PARTIAL
PERF-003,PARTIAL
PERF-004,PARTIAL
PERF-005,PARTIAL
PERF-006,PARTIAL
PERF-007,PARTIAL
PERF-008,PARTIAL
PERF-009,PARTIAL
PERF-010,PARTIAL
PERF-011,PARTIAL
PERF-012,PARTIAL
PERF-013,PARTIAL
PERF-014,PARTIAL
PERF-015,PARTIAL
PLAN-001,PASS
PLAN-002,PASS
PLAN-003,PASS
PLAN-004,PASS
PLAN-005,PASS
PLAN-006,PASS
PLAN-007,PASS
PLAN-008,PASS
PLAN-009,PASS
PLAN-010,PASS
PLAN-011,PASS
PLAN-012,PASS
PLAN-013,PASS
PLAN-014,PASS
PLAN-015,PASS
PLAN-016,PARTIAL
PLAN-017,PARTIAL
PLAN-018,PARTIAL
PLAN-019,PARTIAL
PLAN-020,PARTIAL
PLAN-021,PARTIAL
PLAN-022,PARTIAL
PLAN-023,PARTIAL
QUERY-001,PASS
QUERY-002,PASS
QUERY-003,PASS
QUERY-004,PASS
QUERY-005,PASS
QUERY-006,PASS
QUERY-007,PASS
QUERY-008,PASS
QUERY-009,PASS
QUERY-010,PASS
QUERY-011,PASS
QUERY-012,PASS
QUERY-013,PASS
QUERY-014,PASS
QUERY-015,PASS
RAND-001,UNEVIDENCED
RAND-002,UNEVIDENCED
RAND-003,UNEVIDENCED
RAND-004,UNEVIDENCED
RAND-005,UNEVIDENCED
RAND-006,UNEVIDENCED
RAND-007,UNEVIDENCED
RAND-008,UNEVIDENCED
REC-001,PARTIAL
REC-002,PARTIAL
REC-003,PARTIAL
REC-004,PARTIAL
REC-005,PARTIAL
REC-006,PARTIAL
REC-007,PARTIAL
REC-008,PARTIAL
REC-009,PARTIAL
REC-010,PARTIAL
REKEY-001,UNEVIDENCED
REKEY-002,UNEVIDENCED
REKEY-003,UNEVIDENCED
REKEY-004,UNEVIDENCED
REKEY-005,UNEVIDENCED
REKEY-006,UNEVIDENCED
REKEY-007,UNEVIDENCED
REKEY-008,UNEVIDENCED
REPORT-001,PARTIAL
REPORT-002,PARTIAL
REPORT-003,PARTIAL
REPORT-004,PARTIAL
REPORT-005,PARTIAL
REPORT-006,PARTIAL
REPORT-007,PARTIAL
REPORT-008,PARTIAL
REPORT-009,PARTIAL
REPORT-010,PARTIAL
REPORT-011,PARTIAL
REPORT-012,PARTIAL
REPORT-013,PARTIAL
REPORT-014,PARTIAL
RG-01,PASS
RG-02,PASS
RG-03,PASS
RG-04,PASS
RG-05,PASS
RG-06,PASS
RG-07,PASS
RG-08,PASS
RG-09,PASS
RG-10,PASS
RG-11,PASS
RG-12,PASS
RG-13,PASS
RG-14,PASS
RG-15,PASS
RG-16,PASS
RG-17,PASS
RG-18,PASS
RG-19,PASS
RG-20,PASS
RG-21,PASS
RG-22,PASS
RG-23,PASS
SALVAGE-001,UNEVIDENCED
SALVAGE-002,UNEVIDENCED
SALVAGE-003,UNEVIDENCED
SALVAGE-004,UNEVIDENCED
SALVAGE-005,UNEVIDENCED
SALVAGE-006,UNEVIDENCED
SALVAGE-007,UNEVIDENCED
SALVAGE-008,UNEVIDENCED
SALVAGE-009,UNEVIDENCED
SALVAGE-010,UNEVIDENCED
SCHEMA-001,PASS
SCHEMA-002,PASS
SCHEMA-003,PASS
SCHEMA-004,PASS
SCHEMA-005,PASS
SCHEMA-006,PASS
SCHEMA-007,PASS
SCHEMA-008,PASS
SCHEMA-009,PASS
SCHEMA-010,PASS
SCHEMA-011,PASS
SCHEMA-012,PASS
SCHEMA-013,PASS
SCHEMA-014,PASS
SEC-001,UNEVIDENCED
SEC-002,UNEVIDENCED
SEC-003,UNEVIDENCED
SEC-004,UNEVIDENCED
SEC-005,UNEVIDENCED
SEC-006,UNEVIDENCED
SEC-007,UNEVIDENCED
SEC-008,UNEVIDENCED
SEC-009,UNEVIDENCED
SEC-010,UNEVIDENCED
SEL-001,PASS
SEL-002,PASS
SEL-003,PASS
SEL-004,PASS
SEL-005,PASS
SEL-006,PASS
SEL-007,PASS
SEL-008,PASS
SEL-009,PASS
SEL-010,PASS
SEL-011,PASS
SEL-012,PASS
SEL-013,PASS
SEL-014,PASS
SEL-015,PASS
SEL-016,PASS
SEL-017,PASS
SEL-018,PASS
SEL-019,PASS
SEL-020,PASS
SEM-001,PASS
SEM-002,PASS
SEM-003,PASS
SEM-004,PASS
SEM-005,PASS
SEM-006,PASS
SEM-007,PASS
SEM-008,PASS
SEM-009,PASS
SEM-010,PASS
SEM-011,PASS
SEM-012,PASS
SEM-013,PASS
SEM-014,PASS
SEM-015,PASS
SEM-016,PASS
SHA-256,UNEVIDENCED
SHOT-001,PARTIAL
SHOT-002,PARTIAL
SHOT-003,PARTIAL
SHOT-004,PARTIAL
SHOT-005,PARTIAL
SHOT-006,PARTIAL
SHOT-007,PARTIAL
SHOT-008,PARTIAL
SHOT-009,PARTIAL
SHOT-010,PARTIAL
SHOT-011,PARTIAL
SHOT-012,PARTIAL
SHOT-013,PARTIAL
SHOT-014,PARTIAL
SHOT-015,PARTIAL
SHOT-016,PARTIAL
SHOT-017,PARTIAL
SHOT-100,PARTIAL
SQLDOC-001,UNEVIDENCED
SQLDOC-002,UNEVIDENCED
SQLDOC-003,UNEVIDENCED
SQLDOC-004,UNEVIDENCED
SQLDOC-005,UNEVIDENCED
SQLDOC-006,UNEVIDENCED
SQLDOC-007,UNEVIDENCED
SQLDOC-008,UNEVIDENCED
SQLDOC-009,UNEVIDENCED
SQLDOC-010,UNEVIDENCED
SQLT-001,PASS
SQLT-002,PASS
SQLT-003,PASS
SQLT-004,PASS
SQLT-005,PASS
SQLT-006,PASS
SQLT-007,PASS
SQLT-008,PASS
SQLT-009,PASS
SQLT-010,PASS
SQLT-011,PASS
SQLT-012,PASS
SQLT-013,PASS
SQLT-014,PASS
SQLT-015,PASS
SQLT-016,PASS
SQLT-017,PASS
SQLT-018,PASS
SQLT-019,PASS
SQLT-020,PASS
SQLT-021,PASS
SQLT-022,PASS
SQLT-023,PASS
SQLT-024,PASS
SQLT-025,PASS
SQLT-026,PASS
SQLT-027,PASS
SQLT-028,PASS
SQLT-029,PASS
SQLT-030,PASS
SQLT-031,PASS
SQLT-032,PASS
SQLT-033,PASS
SQLT-034,PASS
SQLT-035,PASS
STMT-01,PARTIAL
STMT-02,PARTIAL
STMT-03,PARTIAL
STMT-04,PARTIAL
STMT-05,PARTIAL
STMT-06,PARTIAL
STMT-07,PARTIAL
STMT-08,PARTIAL
STMT-09,PARTIAL
STMT-10,PARTIAL
STMT-11,PARTIAL
STMT-12,PARTIAL
STMT-13,PARTIAL
STMT-14,PARTIAL
STMT-15,PARTIAL
STMT-16,PARTIAL
STMT-17,PARTIAL
STMT-18,PARTIAL
STMT-19,PARTIAL
STMT-20,PARTIAL
STMT-21,PARTIAL
STOP-001,PARTIAL
STOP-002,PARTIAL
STOP-003,PARTIAL
STOP-004,PARTIAL
STOP-005,PARTIAL
STOP-006,PARTIAL
STOP-007,PARTIAL
STOP-008,PARTIAL
STOP-009,PARTIAL
STOP-010,PARTIAL
STOP-011,PARTIAL
STOP-012,PARTIAL
STOP-013,PARTIAL
STOP-014,PARTIAL
STOP-015,PARTIAL
STOP-016,PARTIAL
STOP-017,PARTIAL
STOP-018,PARTIAL
STOP-019,PARTIAL
STOP-020,PARTIAL
STRUCT-001,UNEVIDENCED
STRUCT-002,UNEVIDENCED
STRUCT-003,UNEVIDENCED
STRUCT-004,UNEVIDENCED
STRUCT-005,UNEVIDENCED
STRUCT-006,UNEVIDENCED
STRUCT-007,UNEVIDENCED
TCOMP-001,UNEVIDENCED
TCOMP-002,UNEVIDENCED
TCOMP-003,UNEVIDENCED
TCOMP-004,UNEVIDENCED
TCOMP-005,UNEVIDENCED
TCOMP-006,UNEVIDENCED
TCOMP-007,UNEVIDENCED
TCOMP-008,UNEVIDENCED
TCOMP-009,UNEVIDENCED
TCOMP-010,UNEVIDENCED
TCOMP-011,UNEVIDENCED
TCOMP-012,UNEVIDENCED
TEST-001,PARTIAL
TEST-002,PARTIAL
TEST-003,PARTIAL
TEST-004,PARTIAL
TEST-005,PARTIAL
TEST-006,PARTIAL
TEST-007,PARTIAL
TEST-008,PARTIAL
TEST-009,PARTIAL
TEST-010,PARTIAL
TEST-011,PARTIAL
TEST-012,PARTIAL
TEST-013,PARTIAL
TEST-014,PARTIAL
TEST-015,PARTIAL
TEST-016,PARTIAL
TEST-017,PARTIAL
TEST-018,PARTIAL
TREE-001,UNEVIDENCED
TREE-002,UNEVIDENCED
TREE-003,UNEVIDENCED
TXN-001,PASS
TXN-002,PASS
TXN-003,PASS
TXN-004,PASS
TXN-005,PASS
TXN-006,PASS
TXN-007,PASS
TXN-008,PASS
TXN-009,PASS
TXN-010,PASS
TXN-011,PASS
TXN-012,PASS
TXN-013,PASS
TXN-014,PASS
TXN-015,PASS
TXN-016,PASS
TXN-017,PASS
TXN-018,PASS
TXN-019,PASS
TXN-020,PASS
UI-001,PARTIAL
UI-002,PARTIAL
UI-003,PARTIAL
UI-004,PARTIAL
UI-005,PARTIAL
UT-001,PASS
UT-002,PASS
UT-003,PASS
UT-004,PASS
UT-005,PASS
UT-006,PASS
UT-007,PASS
UT-008,PASS
UT-009,PASS
UT-010,PASS
UT-011,PASS
UT-012,PASS
UT-013,PASS
UT-014,PASS
UT-015,PASS
UT-016,PASS
UT-017,PASS
UT-018,PASS
UT-019,PASS
UT-020,PASS
UT-021,PASS
UT-022,PASS
UT-023,PASS
UT-024,PASS
UT-025,PASS
UT-026,PASS
UT-027,PASS
UT-028,PASS
UT-029,PASS
UT-030,PASS
UT-031,PARTIAL
UT-032,PARTIAL
UT-033,PARTIAL
UT-034,PARTIAL
UT-035,PARTIAL
UT-036,PARTIAL
UT-037,PARTIAL
UT-038,PARTIAL
UT-039,PARTIAL
UT-040,PARTIAL
UT-041,PARTIAL
UT-042,PARTIAL
UT-043,PARTIAL
UT-044,PARTIAL
UT-045,PARTIAL
UT-046,PARTIAL
UT-047,PARTIAL
UT-048,PARTIAL
UT-049,PARTIAL
UT-050,PARTIAL
UT-051,PARTIAL
UT-052,PARTIAL
UT-053,PARTIAL
UT-054,PARTIAL
UTF8-001,PASS
UTF8-002,PASS
UTF8-003,PASS
UTF8-004,PASS
UTF8-005,PASS
UTF8-006,PASS
UTF8-007,PASS
UTF8-008,PASS
UTF8-009,PASS
WAL-001,PASS
WAL-002,PASS
WAL-003,PASS
WAL-004,PASS
WAL-005,PASS
WAL-006,PASS
WAL-007,PASS
WAL-008,PASS
WAL-009,PASS
WAL-010,PASS
WAL-011,PASS
WAL-012,PASS
WAL-013,PASS
WAL-014,PASS
WAL-015,PASS
WAL-016,PASS
WAL-017,PASS
WAL-018,PASS
